table1,table2
334050023762827,334050023762827
334050043980751,334050053137567
334050053137567,334050053842856
334050053191202,334050053856353
334050053600709,334050063005138
334050053738314,334050063011826
334050053842856,334050063012222
334050053856353,334050063047340
334050063005138,334050063048308
334050063010341,334050063049602
334050063011826,334050063056516
334050063012222,334050063057623
334050063023655,334050063067087
334050063031286,334050063070422
334050063032514,334050063088725
334050063037141,334050063103130
334050063047340,334050063103641
334050063048308,334050063106905
334050063049602,334050063108678
334050063056516,334050063111741
334050063057623,334050063112539
334050063067087,334050063126474
334050063070422,334050063127790
334050063074165,334050063134059
334050063074595,334050063139449
334050063088725,334050063143723
334050063089768,334050063174573
334050063103130,334050063190036
334050063103641,334050063193097
334050063106905,334050063203242
334050063108678,334050063210529
334050063111741,334050063215994
334050063111788,334050063217352
334050063112539,334050063233493
334050063126474,334050063235891
334050063127790,334050063239235
334050063128889,334050063254734
334050063129674,334050063260093
334050063134059,334050063266274
334050063139368,334050063274991
334050063139449,334050063275012
334050063143723,334050063277269
334050063151779,334050063278082
334050063173124,334050063281928
334050063174573,334050063299418
334050063179926,334050063300948
334050063187133,334050063306343
334050063188287,334050063306705
334050063190036,334050063315394
334050063193097,334050063317417
334050063203242,334050063319690
334050063210529,334050063320702
334050063215989,334050063322719
334050063215994,334050063324728
334050063217352,334050063335308
334050063233493,334050063337229
334050063235891,334050063343365
334050063239235,334050063354100
334050063246069,334050063357235
334050063246796,334050063360503
334050063254734,334050063398622
334050063257805,334050063398919
334050063260093,334050063401142
334050063266274,334050063404187
334050063274991,334050063404465
334050063275012,334050063412284
334050063277269,334050063421034
334050063278082,334050063422789
334050063281928,334050063431124
334050063282535,334050063435559
334050063295917,334050063439878
334050063299418,334050063439883
334050063300948,334050063444605
334050063301389,334050063447958
334050063306343,334050063448970
334050063306705,334050063456005
334050063315394,334050063457594
334050063317417,334050063461213
334050063319690,334050063472352
334050063320702,334050063479612
334050063322719,334050063482817
334050063324728,334050063484053
334050063335308,334050063490203
334050063337229,334050063507943
334050063343365,334050063509392
334050063354100,334050063525386
334050063357235,334050063534413
334050063360503,334050063568627
334050063364859,334050063568714
334050063369075,334050063572970
334050063372588,334050063574586
334050063379932,334050063579696
334050063382831,334050063581497
334050063392880,334050063583148
334050063396485,334050063586506
334050063398622,334050063586967
334050063398919,334050063587957
334050063401142,334050063594664
334050063404187,334050063598626
334050063404465,334050063600719
334050063412284,334050063610742
334050063421034,334050063617179
334050063422789,334050063623025
334050063423218,334050063623915
334050063428598,334050063632045
334050063430215,334050063636426
334050063431124,334050063638696
334050063435559,334050063643211
334050063435828,334050063646846
334050063439878,334050063648256
334050063439883,334050063648421
334050063444605,334050063648902
334050063447958,334050063650848
334050063448970,334050063654090
334050063456005,334050063654961
334050063457594,334050063657210
334050063461213,334050063665627
334050063463330,334050063686514
334050063472352,334050063687589
334050063479612,334050063691509
334050063482817,334050063692752
334050063484053,334050063695129
334050063490203,334050063697594
334050063495366,334050063714864
334050063507943,334050063738202
334050063509392,334050063741143
334050063525386,334050063743196
334050063532706,334050063745392
334050063534048,334050063770433
334050063534413,334050063773978
334050063559003,334050063774641
334050063568627,334050063791579
334050063568714,334050063791740
334050063570134,334050063796247
334050063572970,334050063801675
334050063574586,334050063805769
334050063579696,334050063808846
334050063581497,334050063810435
334050063583148,334050063821398
334050063586506,334050063825201
334050063586967,334050063827964
334050063587957,334050063832766
334050063594664,334050063834749
334050063598626,334050063839389
334050063600719,334050063844969
334050063610742,334050063849362
334050063617179,334050063851079
334050063623025,334050063852428
334050063623915,334050063857285
334050063625013,334050063868370
334050063631109,334050063872709
334050063632045,334050063872981
334050063632473,334050063875402
334050063636426,334050063877924
334050063638696,334050063886965
334050063643211,334050063891874
334050063646846,334050063895781
334050063648256,334050063898425
334050063648421,334050063898665
334050063648902,334050073164166
334050063650848,334050073388294
334050063654090,334050073497155
334050063654961,334050083165639
334050063657210,334050083445872
334050063661313,334050083688695
334050063664603,334050093112272
334050063665627,334050093656041
334050063686514,334050093679184
334050063687589,334050093734677
334050063688701,334050093743535
334050063691509,334050093802185
334050063692752,334050093820091
334050063695129,334050093903700
334050063697594,334050093910356
334050063704774,334050093910870
334050063714864,334050093913719
334050063717628,334050093928034
334050063729048,334050093929283
334050063735574,334050093931783
334050063738202,334050093947546
334050063741143,334050093950507
334050063743196,334050093954895
334050063745392,334050093957047
334050063747382,334050093963589
334050063750315,334050093968670
334050063770433,334050093991403
334050063773978,334050120338801
334050063774641,334050123000968
334050063778777,334050123106517
334050063784650,334050123111584
334050063786112,334050123222055
334050063791579,334050123319480
334050063791740,334050123321340
334050063796073,334050123369395
334050063796247,334050123423378
334050063801675,334050123477171
334050063805769,334050123484508
334050063806920,334050123549610
334050063808846,334050123651252
334050063810435,334050123755216
334050063821398,334050123768995
334050063825201,334050123838763
334050063827964,334050123864097
334050063832766,334050131606376
334050063834749,334050131764382
334050063839389,334050132916065
334050063844969,334050132988026
334050063849362,334050133006631
334050063851079,334050133015779
334050063852428,334050133035268
334050063857285,334050133059133
334050063868370,334050133075577
334050063872709,334050133076715
334050063872981,334050133081490
334050063875402,334050133099604
334050063877924,334050133103332
334050063886965,334050133125618
334050063891116,334050133126323
334050063891874,334050133128943
334050063895781,334050133147587
334050063897234,334050133176337
334050063898425,334050133183723
334050063898665,334050133208922
334050073164166,334050133226075
334050073388294,334050133248297
334050073497155,334050133261576
334050073626320,334050133265909
334050083165639,334050133276078
334050083171043,334050133299608
334050083445872,334050133304014
334050083651555,334050133313740
334050083688695,334050133316857
334050093112272,334050133323199
334050093188152,334050133323328
334050093269404,334050133325694
334050093277838,334050133334187
334050093570429,334050133363775
334050093656041,334050133363852
334050093679184,334050133364715
334050093734677,334050133365674
334050093743535,334050133367431
334050093802185,334050133367632
334050093820091,334050133374943
334050093845026,334050133375063
334050093901774,334050133375117
334050093903700,334050133382356
334050093909259,334050133387732
334050093910356,334050133389982
334050093910870,334050133398747
334050093913719,334050133403767
334050093925071,334050133410712
334050093928034,334050133415367
334050093929283,334050133432203
334050093931783,334050133433466
334050093932758,334050133433920
334050093947546,334050133443403
334050093950507,334050133446946
334050093954895,334050133447994
334050093957047,334050133462653
334050093963589,334050133463456
334050093967074,334050133467453
334050093968670,334050133467946
334050093972211,334050133476325
334050093979604,334050133476722
334050093991403,334050133485081
334050093992857,334050133486775
334050120338801,334050133491900
334050122457674,334050133502073
334050123000968,334050133621773
334050123051356,334050133717361
334050123106517,334050133721687
334050123111584,334050133726894
334050123170506,334050133737894
334050123222055,334050133738200
334050123229710,334050133739742
334050123319480,334050133746867
334050123321340,334050133756732
334050123369395,334050133759447
334050123423378,334050133763350
334050123477171,334050133770112
334050123484508,334050133770129
334050123503249,334050133773829
334050123549610,334050133775836
334050123651252,334050133779247
334050123662916,334050133781852
334050123755216,334050133781931
334050123768995,334050133782161
334050123808430,334050133787454
334050123838763,334050133789684
334050123864097,334050133794672
334050131606376,334050133795903
334050131764382,334050133795914
334050132684240,334050133801228
334050132916065,334050133802619
334050132988026,334050133806255
334050133001342,334050133808187
334050133006631,334050133808371
334050133015779,334050133811127
334050133035268,334050133815651
334050133037641,334050133816501
334050133044610,334050133819205
334050133050766,334050133820157
334050133059133,334050133822858
334050133075577,334050133824650
334050133076715,334050133824899
334050133081490,334050133830265
334050133097378,334050133836931
334050133099604,334050133839537
334050133103332,334050133843662
334050133125618,334050133845085
334050133126323,334050133845180
334050133128943,334050133847784
334050133135590,334050133862726
334050133135969,334050133863439
334050133147587,334050133865148
334050133176337,334050133868541
334050133183723,334050133874328
334050133197930,334050133880651
334050133208922,334050133888012
334050133226075,334050133889478
334050133243502,334050133889682
334050133248297,334050133893323
334050133261576,334050133894695
334050133265909,334050133895786
334050133275126,334050133898728
334050133276078,334050133902014
334050133280520,334050133904956
334050133288447,334050133908232
334050133299608,334050133913682
334050133304014,334050133918088
334050133313740,334050133922577
334050133316857,334050133922625
334050133323199,334050133933159
334050133323328,334050133943112
334050133325694,334050133954062
334050133334187,334050133959362
334050133346813,334050133960791
334050133354274,334050133960856
334050133354730,334050133962363
334050133362108,334050133968702
334050133363775,334050133969726
334050133363852,334050133972057
334050133364715,334050133974112
334050133364984,334050133974122
334050133365674,334050133975484
334050133367431,334050133976776
334050133367632,334050133976787
334050133374943,334050133979048
334050133375063,334050133979220
334050133375117,334050133982867
334050133378767,334050133985634
334050133382356,334050133990552
334050133387732,334050133990568
334050133389982,334050133990660
334050133398747,334050142495274
334050133403767,334050142526550
334050133410712,334050142801330
334050133415367,334050143015904
334050133432203,334050143015952
334050133433466,334050143034124
334050133433920,334050143037737
334050133443403,334050143062584
334050133446946,334050143234539
334050133447994,334050143251004
334050133462653,334050143364439
334050133463456,334050143420434
334050133466391,334050143421858
334050133467453,334050143423579
334050133467946,334050143613175
334050133476325,334050143928159
334050133476722,334050143962828
334050133478441,334050143982205
334050133485081,334050148172026
334050133486775,334050148714973
334050133491900,334050150473366
334050133502073,334050151526387
334050133609170,334050151942211
334050133621773,334050152521923
334050133701824,334050152648819
334050133717361,334050153000313
334050133721687,334050153002712
334050133726894,334050153013588
334050133737894,334050153018078
334050133738200,334050153025755
334050133739742,334050153039447
334050133746867,334050153056212
334050133756732,334050153061198
334050133759447,334050153075305
334050133763350,334050153075880
334050133768240,334050153076110
334050133770112,334050153091418
334050133770129,334050153116049
334050133773829,334050153160433
334050133775836,334050153170481
334050133779247,334050153185075
334050133781852,334050153185369
334050133781931,334050153189112
334050133782161,334050153205225
334050133787454,334050153206362
334050133789684,334050153224739
334050133794672,334050153226630
334050133795903,334050153275846
334050133795914,334050153275849
334050133801228,334050153282751
334050133802619,334050153320815
334050133806255,334050153364795
334050133808187,334050153387051
334050133808371,334050153711559
334050133811062,334050153726988
334050133811127,334050153743658
334050133813640,334050153744938
334050133815651,334050153758159
334050133816501,334050153776959
334050133819205,334050153803779
334050133820157,334050153822040
334050133822858,334050153822055
334050133824650,334050153835029
334050133824899,334050153840335
334050133830029,334050153846317
334050133830265,334050153852721
334050133836931,334050153859737
334050133839537,334050153872773
334050133843662,334050153877363
334050133845085,334050153881061
334050133845180,334050153883504
334050133847784,334050153885918
334050133862726,334050153889634
334050133863439,334050153916937
334050133865148,334050153953176
334050133868541,334050153998377
334050133874328,334050158229225
334050133880651,334050161034653
334050133888012,334050163480370
334050133889478,334050163630716
334050133889682,334050163950943
334050133893323,334050163950948
334050133894265,334050163950951
334050133894695,334050163950955
334050133894860,334050163950967
334050133895786,334050163950968
334050133898728,334050163952001
334050133900098,334050163952007
334050133902014,334050163952012
334050133904956,334050163952076
334050133908232,334050163952083
334050133913682,334050163952213
334050133918088,334050163953014
334050133922577,334050163953084
334050133922625,334050163953087
334050133933159,334050163953157
334050133943112,334050163954065
334050133954062,334050163954083
334050133959362,334050163954922
334050133960791,334050163954938
334050133960856,334050163954940
334050133961364,334050163954941
334050133962363,334050163954965
334050133968702,334050163955047
334050133969726,334050163955064
334050133972057,334050163955065
334050133974112,334050163955989
334050133974122,334050163956069
334050133975484,334050163957029
334050133976776,334050163957101
334050133976787,334050163957152
334050133979048,334050163957529
334050133979220,334050163957530
334050133982867,334050163957600
334050133984563,334050163957603
334050133985634,334050163957623
334050133990552,334050163957642
334050133990568,334050163957648
334050133990660,334050163958542
334050133991773,334050163958623
334050138444918,334050163958715
334050141387425,334050163958729
334050142495274,334050163958740
334050142526550,334050163958743
334050142801330,334050163959601
334050143015904,334050163990754
334050143015952,334050163991845
334050143034124,334050163992998
334050143037737,334050163993015
334050143062584,334050163995895
334050143227241,334050163996008
334050143234539,334050163996014
334050143251004,334050163996028
334050143364439,334050163996049
334050143420434,334050163997042
334050143421858,334050163999509
334050143423579,334050193002201
334050143613175,334050193002203
334050143838841,334050193002204
334050143928159,334050193002205
334050143962828,334050193002208
334050143982205,334050193002209
334050148172026,334050193002211
334050148714973,334050193002216
334050150473366,334050193002217
334050151044673,334050193002218
334050151526387,334050193002220
334050151942211,334050193002222
334050152077636,334050193002225
334050152521923,334050193002226
334050152577416,334050193002232
334050152648819,334050193002234
334050153000313,334050193002235
334050153002712,334050193002240
334050153013588,334050193002244
334050153018078,334050193002245
334050153018450,334050193002247
334050153019905,334050193002250
334050153025755,334050193002251
334050153039447,334050193002253
334050153056212,334050193002255
334050153061198,334050193002256
334050153075305,334050193002258
334050153075880,334050193002263
334050153076110,334050193002267
334050153079836,334050193002272
334050153091418,334050193002275
334050153116049,334050193002276
334050153160433,334050193002277
334050153170481,334050193002278
334050153185075,334050193002279
334050153185369,334050193002280
334050153189112,334050193002281
334050153205225,334050193002282
334050153206362,334050193002284
334050153213975,334050193002285
334050153224739,334050193002287
334050153226630,334050193002288
334050153239837,334050193002294
334050153275846,334050193002297
334050153275849,334050193002298
334050153282751,334050193002299
334050153312153,334050193002300
334050153320815,334050193002301
334050153364795,334050193002303
334050153385891,334050193002304
334050153387051,334050193002305
334050153421610,334050193002306
334050153709679,334050193002307
334050153711559,334050193002308
334050153726988,334050193002310
334050153741540,334050193002313
334050153743658,334050193002314
334050153744938,334050193002317
334050153757658,334050193002320
334050153758159,334050193002322
334050153776959,334050193002325
334050153803779,334050193002326
334050153804695,334050193002327
334050153806609,334050193002329
334050153822040,334050193002330
334050153822055,334050193002331
334050153829676,334050193002334
334050153835029,334050193002336
334050153840335,334050193002337
334050153846317,334050193002341
334050153852721,334050193002342
334050153859737,334050193002344
334050153872773,334050193002345
334050153877363,334050193002349
334050153881061,334050193002350
334050153883504,334050193002351
334050153885918,334050193002352
334050153889634,334050193002353
334050153916937,334050193002358
334050153949242,334050193002362
334050153953176,334050193002363
334050153998377,334050193002366
334050158229225,334050193002368
334050160979788,334050193002370
334050161034653,334050193002372
334050163202459,334050193002373
334050163480370,334050193002377
334050163630716,334050193002378
334050163759619,334050193002383
334050163950421,334050193002385
334050163950906,334050193002387
334050163950943,334050193002389
334050163950944,334050193002390
334050163950948,334050193002392
334050163950951,334050193002394
334050163950953,334050193002398
334050163950955,334050193002399
334050163950967,334050193002400
334050163950968,334050193002407
334050163952001,334050193002408
334050163952007,334050193002411
334050163952012,334050193002418
334050163952076,334050193005723
334050163952083,334050193005735
334050163952210,334050193005737
334050163952213,334050193005738
334050163953014,334050193005739
334050163953084,334050193005741
334050163953087,334050193005745
334050163953157,334050193005746
334050163953238,334050193005747
334050163953240,334050193005753
334050163953929,334050193005756
334050163954065,334050193005757
334050163954083,334050193005762
334050163954922,334050193005763
334050163954938,334050193005767
334050163954940,334050193005768
334050163954941,334050193005771
334050163954965,334050193005773
334050163955047,334050193005774
334050163955062,334050193005787
334050163955063,334050193005788
334050163955064,334050193005792
334050163955065,334050193005793
334050163955989,334050193005797
334050163955992,334050193005799
334050163955997,334050193005802
334050163956067,334050193005803
334050163956069,334050193005806
334050163957029,334050193005808
334050163957101,334050193005811
334050163957152,334050193005813
334050163957529,334050193005814
334050163957530,334050193005815
334050163957600,334050193005817
334050163957601,334050193005819
334050163957603,334050193005821
334050163957623,334050193005822
334050163957642,334050193005827
334050163957648,334050193005828
334050163958530,334050193005829
334050163958542,334050193005830
334050163958604,334050193005842
334050163958623,334050193005844
334050163958715,334050193005845
334050163958729,334050193005852
334050163958740,334050193005854
334050163958743,334050193005856
334050163959585,334050193005857
334050163959601,334050193005860
334050163959774,334050193005862
334050163990754,334050193005868
334050163991845,334050193005870
334050163992827,334050193005871
334050163992998,334050193005882
334050163993015,334050193005886
334050163993886,334050193005890
334050163994790,334050193005897
334050163995887,334050193005899
334050163995895,334050193005900
334050163996008,334050193005905
334050163996014,334050193005910
334050163996028,334050193005916
334050163996049,334050193005917
334050163997042,334050193005921
334050163999491,334050193005923
334050163999509,334050193005924
334050173177669,334050193005934
334050183353824,334050193009279
334050183363417,334050193009280
334050193002201,334050193009283
334050193002203,334050193685851
334050193002204,334050193688130
334050193002205,334050193688131
334050193002208,334050193688133
334050193002209,334050193688135
334050193002211,334050193688138
334050193002215,334050193688140
334050193002216,334050193688141
334050193002217,334050193688143
334050193002218,334050193688144
334050193002220,334050193688147
334050193002221,334050193688149
334050193002222,334050193688152
334050193002225,334050193688155
334050193002226,334050193688158
334050193002232,334050193688161
334050193002234,334050193688162
334050193002235,334050193688163
334050193002240,334050193688164
334050193002244,334050193688165
334050193002245,334050193688167
334050193002247,334050193688169
334050193002248,334050193688170
334050193002250,334050193688171
334050193002251,334050193688173
334050193002253,334050193688175
334050193002254,334050193688176
334050193002255,334050193688177
334050193002256,334050193688178
334050193002258,334050193688182
334050193002260,334050193688184
334050193002263,334050193688189
334050193002265,334050193688190
334050193002267,334050193688191
334050193002272,334050193688192
334050193002274,334050193688194
334050193002275,334050193688195
334050193002276,334050193688196
334050193002277,334050193688197
334050193002278,334050193688209
334050193002279,334050193688211
334050193002280,334050193688212
334050193002281,334050193688213
334050193002282,334050193688217
334050193002283,334050193688219
334050193002284,334050193688221
334050193002285,334050193688223
334050193002287,334050193688224
334050193002288,334050193688225
334050193002289,334050193688229
334050193002290,334050193688230
334050193002294,334050193688232
334050193002296,334050193688233
334050193002297,334050193688235
334050193002298,334050193688236
334050193002299,334050193688237
334050193002300,334050193688239
334050193002301,334050193688241
334050193002303,334050193688242
334050193002304,334050193688243
334050193002305,334050193688245
334050193002306,334050193688248
334050193002307,334050193688250
334050193002308,334050193688251
334050193002309,334050193688255
334050193002310,334050193688261
334050193002311,334050193688262
334050193002313,334050193688263
334050193002314,334050193688265
334050193002317,334050193688267
334050193002320,334050193688268
334050193002321,334050193688271
334050193002322,334050193688273
334050193002325,334050193688277
334050193002326,334050193688282
334050193002327,334050193688283
334050193002329,334050193688284
334050193002330,334050193688285
334050193002331,334050193688286
334050193002333,334050193688287
334050193002334,334050193688293
334050193002336,334050193688294
334050193002337,334050193688295
334050193002339,334050193688296
334050193002340,334050193688297
334050193002341,334050193688299
334050193002342,334050193688300
334050193002344,334050193688302
334050193002345,334050193688304
334050193002346,334050193688308
334050193002348,334050193688309
334050193002349,334050193688316
334050193002350,334050193688317
334050193002351,334050193688318
334050193002352,334050193688319
334050193002353,334050193688321
334050193002358,334050193688323
334050193002360,334050193688325
334050193002362,334050193688328
334050193002363,334050193688329
334050193002366,334050193688334
334050193002367,334050193688335
334050193002368,334050193688339
334050193002369,334050193688342
334050193002370,334050193688345
334050193002371,334050193688348
334050193002372,334050193688349
334050193002373,334050193688350
334050193002374,334050193688351
334050193002377,334050193688356
334050193002378,334050193688357
334050193002383,334050193688363
334050193002385,334050193688364
334050193002386,334050193688365
334050193002387,334050193688366
334050193002389,334050193688368
334050193002390,334050193688374
334050193002392,334050193688377
334050193002394,334050193688378
334050193002397,334050193688379
334050193002398,334050193688381
334050193002399,334050193688384
334050193002400,334050193688385
334050193002402,334050193688387
334050193002403,334050193688388
334050193002404,334050193688393
334050193002405,334050193688395
334050193002407,334050193688399
334050193002408,334050193688402
334050193002411,334050193688404
334050193002418,334050193688405
334050193002419,334050193688406
334050193005720,334050193688407
334050193005722,334050193688410
334050193005723,334050193688414
334050193005724,334050193688416
334050193005726,334050193688417
334050193005728,334050193688418
334050193005735,334050193688419
334050193005736,334050193688420
334050193005737,334050193688426
334050193005738,334050193688428
334050193005739,334050193688429
334050193005741,334050193688432
334050193005742,334050193688436
334050193005745,334050193688440
334050193005746,334050193688441
334050193005747,334050193688443
334050193005753,334050193688444
334050193005756,334050193688445
334050193005757,334050193688448
334050193005760,334050193688449
334050193005762,334050193688451
334050193005763,334050193688453
334050193005767,334050193688454
334050193005768,334050193688456
334050193005771,334050193688458
334050193005773,334050193688459
334050193005774,334050193688460
334050193005783,334050193688462
334050193005784,334050193688465
334050193005785,334050193688466
334050193005787,334050193688467
334050193005788,334050193688468
334050193005792,334050193688469
334050193005793,334050193688474
334050193005797,334050193688479
334050193005799,334050193688480
334050193005801,334050193688482
334050193005802,334050193688484
334050193005803,334050193688486
334050193005804,334050193688487
334050193005806,334050193688489
334050193005808,334050193688490
334050193005811,334050193688493
334050193005812,334050193688495
334050193005813,334050193688498
334050193005814,334050193688501
334050193005815,334050193688509
334050193005817,334050193688510
334050193005819,334050193688519
334050193005820,334050193688521
334050193005821,334050193688523
334050193005822,334050193688524
334050193005827,334050193688526
334050193005828,334050193688527
334050193005829,334050193688529
334050193005830,334050193688532
334050193005834,334050193688535
334050193005841,334050193688542
334050193005842,334050193688543
334050193005844,334050193688546
334050193005845,334050193688549
334050193005851,334050193688552
334050193005852,334050193688553
334050193005854,334050193688554
334050193005855,334050193688555
334050193005856,334050193688559
334050193005857,334050193688560
334050193005860,334050193688561
334050193005862,334050193688562
334050193005863,334050193688563
334050193005866,334050193688564
334050193005868,334050193688565
334050193005870,334050193688568
334050193005871,334050193688569
334050193005882,334050193688575
334050193005886,334050193688576
334050193005890,334050193688577
334050193005897,334050193688579
334050193005899,334050193688580
334050193005900,334050193688583
334050193005905,334050193688585
334050193005910,334050193688588
334050193005916,334050193688590
334050193005917,334050193688591
334050193005921,334050193688594
334050193005923,334050193688595
334050193005924,334050193688599
334050193005934,334050193688605
334050193005938,334050193688606
334050193009279,334050193688607
334050193009280,334050193688609
334050193009283,334050193688610
334050193685851,334050193688611
334050193688122,334050193688619
334050193688129,334050193688625
334050193688130,334050193688629
334050193688131,334050193688633
334050193688133,334050193688634
334050193688135,334050193688636
334050193688137,334050193688637
334050193688138,334050193688639
334050193688140,334050193688641
334050193688141,334050193688644
334050193688142,334050193688645
334050193688143,334050193688653
334050193688144,334050193688655
334050193688145,334050193688658
334050193688146,334050193688660
334050193688147,334050193688661
334050193688149,334050193688662
334050193688152,334050193688668
334050193688155,334050193688669
334050193688156,334050193688670
334050193688158,334050193688671
334050193688161,334050193688673
334050193688162,334050193688674
334050193688163,334050193688675
334050193688164,334050193688676
334050193688165,334050193688678
334050193688167,334050193688679
334050193688169,334050193688680
334050193688170,334050193688682
334050193688171,334050193688683
334050193688173,334050193688684
334050193688175,334050193688690
334050193688176,334050193688695
334050193688177,334050193688698
334050193688178,334050193688700
334050193688180,334050193688701
334050193688182,334050193688706
334050193688184,334050193688714
334050193688188,334050193688718
334050193688189,334050193688723
334050193688190,334050193688725
334050193688191,334050193688727
334050193688192,334050193688728
334050193688194,334050193688730
334050193688195,334050193688740
334050193688196,334050193688743
334050193688197,334050193688745
334050193688201,334050193688747
334050193688209,334050193688748
334050193688211,334050193688749
334050193688212,334050193688753
334050193688213,334050193688754
334050193688214,334050193688756
334050193688217,334050193688759
334050193688218,334050193688762
334050193688219,334050193688765
334050193688221,334050193688766
334050193688223,334050193688767
334050193688224,334050193688770
334050193688225,334050193688772
334050193688227,334050193688776
334050193688229,334050193688777
334050193688230,334050193688780
334050193688232,334050193688781
334050193688233,334050193688782
334050193688235,334050193688784
334050193688236,334050193688786
334050193688237,334050193688787
334050193688239,334050193688797
334050193688241,334050193688798
334050193688242,334050193688800
334050193688243,334050193688801
334050193688245,334050193688803
334050193688247,334050193688807
334050193688248,334050193688812
334050193688250,334050193688817
334050193688251,334050193688823
334050193688255,334050193688824
334050193688261,334050193688825
334050193688262,334050193688829
334050193688263,334050193688833
334050193688265,334050193688837
334050193688267,334050193688838
334050193688268,334050193688839
334050193688269,334050193688842
334050193688271,334050193688848
334050193688273,334050193688849
334050193688276,334050193688853
334050193688277,334050193688856
334050193688282,334050193688862
334050193688283,334050193688863
334050193688284,334050193688865
334050193688285,334050193688875
334050193688286,334050193688876
334050193688287,334050193688878
334050193688291,334050193688886
334050193688292,334050193688887
334050193688293,334050193688888
334050193688294,334050193688890
334050193688295,334050193688891
334050193688296,334050193688892
334050193688297,334050193688895
334050193688299,334050193688897
334050193688300,334050193688902
334050193688301,334050193688903
334050193688302,334050193688905
334050193688304,334050193688906
334050193688305,334050193688910
334050193688308,334050193688914
334050193688309,334050193688915
334050193688310,334050193688917
334050193688314,334050193688919
334050193688316,334050193688924
334050193688317,334050193688925
334050193688318,334050193688926
334050193688319,334050193688928
334050193688320,334050193688938
334050193688321,334050193688941
334050193688323,334050193688946
334050193688325,334050193688949
334050193688328,334050193688954
334050193688329,334050193688959
334050193688330,334050193688961
334050193688334,334050193688963
334050193688335,334050193688967
334050193688339,334050193688969
334050193688342,334050193688970
334050193688343,334050193688972
334050193688345,334050193688977
334050193688348,334050193688980
334050193688349,334050193688983
334050193688350,334050193688985
334050193688351,334050193688987
334050193688353,334050193688994
334050193688354,334050193688997
334050193688356,334050193689003
334050193688357,334050193689005
334050193688359,334050193689008
334050193688363,334050193689010
334050193688364,334050193689011
334050193688365,334050193689012
334050193688366,334050193689013
334050193688368,334050193689015
334050193688374,334050193689016
334050193688377,334050193689027
334050193688378,334050193689028
334050193688379,334050193689031
334050193688381,334050193689032
334050193688384,334050193689036
334050193688385,334050193689037
334050193688387,334050193689038
334050193688388,334050193689044
334050193688392,334050193689047
334050193688393,334050193689050
334050193688395,334050193689052
334050193688398,334050193689064
334050193688399,334050193689065
334050193688402,334050193689075
334050193688403,334050193689081
334050193688404,334050193689084
334050193688405,334050193689087
334050193688406,334050193689090
334050193688407,334050193689093
334050193688410,334050193689103
334050193688414,334050193689109
334050193688416,334050193689117
334050193688417,334050193689124
334050193688418,334050193689125
334050193688419,334050193689130
334050193688420,334050193689161
334050193688422,334050193689197
334050193688426,334050193689221
334050193688428,334050193689225
334050193688429,334050193689227
334050193688430,334050193689229
334050193688431,334050193689245
334050193688432,334050193689336
334050193688436,334050193689359
334050193688440,334050193689781
334050193688441,334050203688310
334050193688442,334090000025716
334050193688443,334090010487021
334050193688444,334090010511465
334050193688445,334090010687828
334050193688447,334090011072452
334050193688448,334090011072453
334050193688449,334090011072472
334050193688450,334090011072473
334050193688451,334090011072478
334050193688453,334090011072484
334050193688454,334090011072485
334050193688456,334090011072486
334050193688458,334090011072487
334050193688459,334090011072504
334050193688460,334090011072505
334050193688462,334090011072506
334050193688464,334090011072507
334050193688465,334090011072535
334050193688466,334090011072537
334050193688467,334090011072538
334050193688468,334090011072539
334050193688469,334090011072540
334050193688472,334090011072541
334050193688474,334090011072596
334050193688475,334090011072597
334050193688476,334090011072603
334050193688479,334090011072604
334050193688480,334090011072605
334050193688482,334090011072606
334050193688484,334090011072607
334050193688486,334090011072615
334050193688487,334090011072617
334050193688489,334090011072620
334050193688490,334090011072621
334050193688491,334090011072638
334050193688493,334090011072641
334050193688494,334090011072661
334050193688495,334090011072667
334050193688498,334090011072695
334050193688500,334090011072707
334050193688501,334090011072766
334050193688509,334090011072767
334050193688510,334090011072797
334050193688512,334090011072802
334050193688519,334090011072804
334050193688521,334090011072810
334050193688523,334090011072826
334050193688524,334090011072829
334050193688526,334090011072830
334050193688527,334090011072831
334050193688528,334090011072832
334050193688529,334090011072845
334050193688530,334090011072846
334050193688531,334090011072878
334050193688532,334090011072879
334050193688533,334090011072881
334050193688535,334090011072882
334050193688540,334090011072897
334050193688542,334090011072914
334050193688543,334090011072924
334050193688546,334090011072925
334050193688549,334090011072926
334050193688552,334090011072932
334050193688553,334090011072933
334050193688554,334090011072934
334050193688555,334090011072951
334050193688559,334090011072961
334050193688560,334090011072967
334050193688561,334090011072968
334050193688562,334090011072979
334050193688563,334090011072980
334050193688564,334090011072983
334050193688565,334090011072985
334050193688567,334090011073003
334050193688568,334090011073067
334050193688569,334090011073069
334050193688575,334090011073073
334050193688576,334090011073084
334050193688577,334090011073085
334050193688579,334090011073098
334050193688580,334090011073099
334050193688583,334090011073111
334050193688585,334090011073112
334050193688588,334090011073114
334050193688590,334090011073115
334050193688591,334090011073133
334050193688594,334090011073134
334050193688595,334090011073136
334050193688599,334090011073137
334050193688605,334090011073138
334050193688606,334090011073140
334050193688607,334090011074545
334050193688609,334090011074546
334050193688610,334090011074547
334050193688611,334090011074548
334050193688619,334090011074549
334050193688621,334090011074552
334050193688625,334090011074554
334050193688629,334090011074555
334050193688630,334090011074581
334050193688631,334090011074637
334050193688633,334090011074638
334050193688634,334090011074639
334050193688636,334090011074648
334050193688637,334090011074660
334050193688638,334090011074662
334050193688639,334090011074664
334050193688641,334090011074674
334050193688644,334090011074675
334050193688645,334090011074676
334050193688653,334090011074677
334050193688654,334090011074678
334050193688655,334090011074734
334050193688656,334090011076378
334050193688658,334090011076444
334050193688660,334090011076445
334050193688661,334090011076447
334050193688662,334090011076507
334050193688666,334090011076508
334050193688667,334090011076512
334050193688668,334090011076513
334050193688669,334090011076516
334050193688670,334090011076518
334050193688671,334090011076519
334050193688673,334090011076532
334050193688674,334090011076543
334050193688675,334090011076602
334050193688676,334090011076605
334050193688678,334090011076688
334050193688679,334090011080003
334050193688680,334090011080187
334050193688681,334090011080191
334050193688682,334090011080192
334050193688683,334090011080291
334050193688684,334090011083760
334050193688685,334090011084200
334050193688690,334090011084393
334050193688695,334090011084405
334050193688698,334090011084573
334050193688700,334090011084574
334050193688701,334090011084575
334050193688705,334090011096681
334050193688706,334090011096736
334050193688710,334090011107610
334050193688713,334090011119546
334050193688714,334090011121652
334050193688718,334090011139853
334050193688720,334090011591261
334050193688722,334090011625663
334050193688723,334090011646370
334050193688724,334090011654138
334050193688725,334090011657748
334050193688726,334090011657827
334050193688727,334090011788196
334050193688728,334090011802002
334050193688730,334090011834047
334050193688731,334090011837065
334050193688740,334090011888089
334050193688741,334090011907396
334050193688743,334090012238358
334050193688744,334090012252516
334050193688745,334090012256875
334050193688747,334090012321575
334050193688748,334090012430579
334050193688749,334090012493130
334050193688753,334090012713451
334050193688754,334090012747054
334050193688756,334090012886769
334050193688759,334090012947981
334050193688762,334090013007054
334050193688764,334090013023270
334050193688765,334090013030582
334050193688766,334090013047526
334050193688767,334090013063127
334050193688768,334090013063134
334050193688770,334090013098278
334050193688772,334090013126469
334050193688774,334090013135994
334050193688776,334090013162056
334050193688777,334090013178466
334050193688780,334090013178467
334050193688781,334090013189775
334050193688782,334090013206086
334050193688784,334090013207037
334050193688786,334090013215598
334050193688787,334090013215604
334050193688788,334090013216106
334050193688793,334090013233890
334050193688797,334090013247325
334050193688798,334090013249571
334050193688800,334090013251098
334050193688801,334090013256403
334050193688803,334090013256682
334050193688807,334090013278873
334050193688812,334090013285068
334050193688817,334090013305668
334050193688823,334090013339544
334050193688824,334090013344419
334050193688825,334090013347123
334050193688829,334090013355111
334050193688833,334090013374253
334050193688836,334090013374269
334050193688837,334090013375317
334050193688838,334090013382503
334050193688839,334090013386363
334050193688840,334090013400928
334050193688842,334090013402830
334050193688843,334090013402832
334050193688848,334090013409874
334050193688849,334090013416524
334050193688850,334090013416530
334050193688852,334090013419070
334050193688853,334090013434044
334050193688855,334090013464066
334050193688856,334090013466620
334050193688858,334090013474241
334050193688862,334090013474508
334050193688863,334090013474660
334050193688865,334090013478534
334050193688872,334090013488636
334050193688875,334090013488789
334050193688876,334090013501474
334050193688878,334090013509566
334050193688886,334090013544628
334050193688887,334090013611757
334050193688888,334090013628025
334050193688890,334090013668340
334050193688891,334090013669382
334050193688892,334090013671715
334050193688895,334090013673224
334050193688896,334090013682552
334050193688897,334090013683292
334050193688898,334090013708585
334050193688900,334090013708682
334050193688902,334090013709326
334050193688903,334090013709887
334050193688905,334090013730246
334050193688906,334090013761072
334050193688908,334090013805588
334050193688910,334090013826097
334050193688914,334090013836475
334050193688915,334090013840728
334050193688916,334090013872049
334050193688917,334090013918959
334050193688919,334090013927788
334050193688924,334090013927790
334050193688925,334090013927950
334050193688926,334090013928038
334050193688928,334090013928100
334050193688929,334090013928101
334050193688930,334090013928384
334050193688931,334090013928386
334050193688938,334090013928388
334050193688941,334090013928402
334050193688946,334090013928409
334050193688948,334090013928437
334050193688949,334090013928438
334050193688954,334090013928440
334050193688959,334090013928957
334050193688961,334090013929018
334050193688963,334090013929077
334050193688967,334090013929078
334050193688968,334090013929079
334050193688969,334090013929122
334050193688970,334090013929128
334050193688972,334090013929180
334050193688977,334090013929190
334050193688980,334090013929194
334050193688982,334090013929248
334050193688983,334090013929474
334050193688985,334090013929536
334050193688987,334090013929538
334050193688990,334090013936260
334050193688994,334090013936352
334050193688997,334090013936353
334050193689003,334090013936354
334050193689005,334090013936355
334050193689008,334090013936356
334050193689009,334090013938806
334050193689010,334090013961049
334050193689011,334090013961288
334050193689012,334090013961695
334050193689013,334090013961699
334050193689015,334090013964201
334050193689016,334090013976464
334050193689018,334090013978387
334050193689026,
334050193689027,
334050193689028,
334050193689031,
334050193689032,
334050193689033,
334050193689036,
334050193689037,
334050193689038,
334050193689040,
334050193689044,
334050193689046,
334050193689047,
334050193689050,
334050193689052,
334050193689054,
334050193689055,
334050193689062,
334050193689064,
334050193689065,
334050193689066,
334050193689073,
334050193689075,
334050193689081,
334050193689084,
334050193689087,
334050193689090,
334050193689093,
334050193689101,
334050193689103,
334050193689109,
334050193689117,
334050193689120,
334050193689124,
334050193689125,
334050193689126,
334050193689130,
334050193689138,
334050193689153,
334050193689161,
334050193689197,
334050193689217,
334050193689221,
334050193689225,
334050193689227,
334050193689228,
334050193689229,
334050193689245,
334050193689247,
334050193689336,
334050193689359,
334050193689381,
334050193689781,
334050193693510,
334050203611624,
334050203622307,
334050203659131,
334050203688310,
334090000025716,
334090008101939,
334090010487021,
334090010509755,
334090010511465,
334090010527155,
334090010687828,
334090010747616,
334090010872569,
334090010935131,
334090010955808,
334090011072452,
334090011072453,
334090011072472,
334090011072473,
334090011072478,
334090011072484,
334090011072485,
334090011072486,
334090011072487,
334090011072504,
334090011072505,
334090011072506,
334090011072507,
334090011072535,
334090011072537,
334090011072538,
334090011072539,
334090011072540,
334090011072541,
334090011072596,
334090011072597,
334090011072603,
334090011072604,
334090011072605,
334090011072606,
334090011072607,
334090011072615,
334090011072617,
334090011072620,
334090011072621,
334090011072638,
334090011072641,
334090011072661,
334090011072667,
334090011072695,
334090011072707,
334090011072766,
334090011072767,
334090011072797,
334090011072802,
334090011072804,
334090011072810,
334090011072826,
334090011072829,
334090011072830,
334090011072831,
334090011072832,
334090011072845,
334090011072846,
334090011072878,
334090011072879,
334090011072881,
334090011072882,
334090011072897,
334090011072914,
334090011072924,
334090011072925,
334090011072926,
334090011072932,
334090011072933,
334090011072934,
334090011072951,
334090011072961,
334090011072967,
334090011072968,
334090011072979,
334090011072980,
334090011072983,
334090011072985,
334090011073003,
334090011073067,
334090011073069,
334090011073073,
334090011073084,
334090011073085,
334090011073098,
334090011073099,
334090011073111,
334090011073112,
334090011073114,
334090011073115,
334090011073133,
334090011073134,
334090011073136,
334090011073137,
334090011073138,
334090011073140,
334090011074545,
334090011074546,
334090011074547,
334090011074548,
334090011074549,
334090011074552,
334090011074554,
334090011074555,
334090011074581,
334090011074637,
334090011074638,
334090011074639,
334090011074648,
334090011074660,
334090011074661,
334090011074662,
334090011074664,
334090011074674,
334090011074675,
334090011074676,
334090011074677,
334090011074678,
334090011074734,
334090011076378,
334090011076444,
334090011076445,
334090011076447,
334090011076507,
334090011076508,
334090011076512,
334090011076513,
334090011076516,
334090011076518,
334090011076519,
334090011076532,
334090011076543,
334090011076602,
334090011076605,
334090011076688,
334090011080003,
334090011080187,
334090011080191,
334090011080192,
334090011080291,
334090011083760,
334090011084200,
334090011084393,
334090011084405,
334090011084573,
334090011084574,
334090011084575,
334090011096681,
334090011096736,
334090011107610,
334090011119546,
334090011121652,
334090011121861,
334090011139853,
334090011353561,
334090011433458,
334090011438882,
334090011591261,
334090011625663,
334090011646370,
334090011654138,
334090011657748,
334090011657827,
334090011788196,
334090011802002,
334090011834047,
334090011837065,
334090011888089,
334090011907396,
334090012238358,
334090012252516,
334090012256875,
334090012290456,
334090012321575,
334090012430579,
334090012493130,
334090012522710,
334090012573735,
334090012713451,
334090012744047,
334090012747054,
334090012847125,
334090012886769,
334090012947981,
334090012996363,
334090012996431,
334090013007054,
334090013023270,
334090013030582,
334090013047526,
334090013063127,
334090013063134,
334090013098278,
334090013112468,
334090013126469,
334090013135994,
334090013150876,
334090013162056,
334090013178466,
334090013178467,
334090013189775,
334090013206086,
334090013207037,
334090013210617,
334090013215598,
334090013215604,
334090013216106,
334090013233890,
334090013247325,
334090013249571,
334090013251098,
334090013256403,
334090013256682,
334090013278873,
334090013285068,
334090013305668,
334090013339544,
334090013344419,
334090013347123,
334090013355111,
334090013364706,
334090013374253,
334090013374269,
334090013375317,
334090013382503,
334090013386363,
334090013400928,
334090013402830,
334090013402832,
334090013404690,
334090013409874,
334090013416524,
334090013416530,
334090013419070,
334090013430487,
334090013434044,
334090013455013,
334090013464066,
334090013466620,
334090013474241,
334090013474508,
334090013474660,
334090013478534,
334090013488485,
334090013488636,
334090013488789,
334090013501474,
334090013509566,
334090013528446,
334090013531340,
334090013535103,
334090013535644,
334090013535752,
334090013544628,
334090013603072,
334090013611757,
334090013628025,
334090013668340,
334090013669382,
334090013671715,
334090013673180,
334090013673224,
334090013682552,
334090013683292,
334090013708585,
334090013708682,
334090013709326,
334090013709887,
334090013730246,
334090013735894,
334090013761072,
334090013761224,
334090013796025,
334090013805588,
334090013822390,
334090013826097,
334090013836475,
334090013840728,
334090013850754,
334090013860394,
334090013872049,
334090013918959,
334090013927788,
334090013927790,
334090013927950,
334090013928038,
334090013928100,
334090013928101,
334090013928384,
334090013928386,
334090013928388,
334090013928402,
334090013928409,
334090013928437,
334090013928438,
334090013928440,
334090013928957,
334090013929018,
334090013929077,
334090013929078,
334090013929079,
334090013929122,
334090013929128,
334090013929180,
334090013929190,
334090013929194,
334090013929248,
334090013929474,
334090013929498,
334090013929536,
334090013929538,
334090013936260,
334090013936352,
334090013936353,
334090013936354,
334090013936355,
334090013936356,
334090013938806,
334090013953627,
334090013961049,
334090013961288,
334090013961695,
334090013961699,
334090013964201,
334090013976464,
334090013978387,
334090013978513,
